evaluaterid,evaluateeid
11200106,11120009
11200106,11070010
11200106,11050016
11200106,11060033
11200106,12100016
11200106,21230003
11200106,11220175
11200106,11010143
11200106,11100007
11200106,11130075
11200106,11220039
11200106,11030061
11200106,12060037
11200106,11210046
11200106,11220123
11200106,21230004
11200106,11030054
11200106,11230028
11200106,41120081
11200106,11230036
11960038,11100004
11960038,12120011
11960038,11230038
11960038,21230005
11960038,11220034
11960038,11210110
11960038,11230045
11960038,11080015
11960038,12130005